file_name,class,name,num_inds,confidence,datetime,media,model
test0.jpg,7.0,Red-collared Dove,1.0,0.9356056451797485,2022-07-03 21:58:48,image,color
test1.jpg,7.0,Red-collared Dove,1.0,0.9333646893501282,2022-07-03 21:58:48,image,color
test10.jpg,7.0,Red-collared Dove,1.0,0.93416827917099,2022-07-03 21:58:49,image,color
test100.jpg,7.0,Red-collared Dove,1.0,0.933403730392456,2022-07-03 21:58:51,image,color
test101.jpg,7.0,Red-collared Dove,1.0,0.930784285068512,2022-07-03 21:58:51,image,color
test102.jpg,7.0,Red-collared Dove,1.0,0.9338734149932861,2022-07-03 21:58:51,image,color
test103.jpg,7.0,Red-collared Dove,1.0,0.9334842562675476,2022-07-03 21:58:51,image,color
test104.jpg,7.0,Red-collared Dove,1.0,0.9324741363525391,2022-07-03 21:58:51,image,color
test105.jpg,7.0,Red-collared Dove,1.0,0.9340313673019409,2022-07-03 21:58:51,image,color
test106.jpg,7.0,Red-collared Dove,1.0,0.9315764904022217,2022-07-03 21:58:51,image,color
test107.jpg,7.0,Red-collared Dove,1.0,0.9280127286911011,2022-07-03 21:58:51,image,color
test108.jpg,7.0,Red-collared Dove,1.0,0.9336695075035095,2022-07-03 21:58:51,image,color
test109.jpg,7.0,Red-collared Dove,1.0,0.9311756491661072,2022-07-03 21:58:51,image,color
test11.jpg,7.0,Red-collared Dove,1.0,0.9358553886413574,2022-07-03 21:58:49,image,color
test110.jpg,7.0,Red-collared Dove,1.0,0.9317585825920105,2022-07-03 21:58:51,image,color
test111.jpg,7.0,Red-collared Dove,1.0,0.9326549172401428,2022-07-03 21:58:52,image,color
test112.jpg,7.0,Red-collared Dove,1.0,0.9323570132255554,2022-07-03 21:58:52,image,color
test113.jpg,7.0,Red-collared Dove,1.0,0.9305230975151062,2022-07-03 21:58:52,image,color
test114.jpg,7.0,Red-collared Dove,1.0,0.9346877932548523,2022-07-03 21:58:52,image,color
test115.jpg,7.0,Red-collared Dove,1.0,0.9348101615905762,2022-07-03 21:58:52,image,color
test116.jpg,7.0,Red-collared Dove,1.0,0.9335267543792725,2022-07-03 21:58:52,image,color
test117.jpg,7.0,Red-collared Dove,1.0,0.9323541522026062,2022-07-03 21:58:52,image,color
test118.jpg,7.0,Red-collared Dove,1.0,0.9321882128715515,2022-07-03 21:58:52,image,color
test119.jpg,7.0,Red-collared Dove,1.0,0.9332306981086731,2022-07-03 21:58:52,image,color
test12.jpg,7.0,Red-collared Dove,1.0,0.9338607788085938,2022-07-03 21:58:49,image,color
test120.jpg,7.0,Red-collared Dove,1.0,0.9275375604629517,2022-07-03 21:58:52,image,color
test121.jpg,7.0,Red-collared Dove,1.0,0.9296021461486816,2022-07-03 21:58:52,image,color
test122.jpg,7.0,Red-collared Dove,1.0,0.928618311882019,2022-07-03 21:58:52,image,color
test123.jpg,7.0,Red-collared Dove,1.0,0.9310823082923889,2022-07-03 21:58:52,image,color
test124.jpg,7.0,Red-collared Dove,1.0,0.929081380367279,2022-07-03 21:58:52,image,color
test125.jpg,7.0,Red-collared Dove,1.0,0.9343090653419495,2022-07-03 21:58:52,image,color
test126.jpg,7.0,Red-collared Dove,1.0,0.9384390711784363,2022-07-03 21:58:52,image,color
test127.jpg,7.0,Red-collared Dove,1.0,0.9330250024795532,2022-07-03 21:58:52,image,color
test128.jpg,7.0,Red-collared Dove,1.0,0.9246352910995483,2022-07-03 21:58:52,image,color
test129.jpg,7.0,Red-collared Dove,1.0,0.9049879908561707,2022-07-03 21:58:52,image,color
test13.jpg,7.0,Red-collared Dove,1.0,0.9337148070335388,2022-07-03 21:58:49,image,color
test130.jpg,7.0,Red-collared Dove,1.0,0.9151861667633057,2022-07-03 21:58:52,image,color
test131.jpg,7.0,Red-collared Dove,1.0,0.9130501747131348,2022-07-03 21:58:52,image,color
test132.jpg,7.0,Red-collared Dove,1.0,0.91855788230896,2022-07-03 21:58:52,image,color
test133.jpg,7.0,Red-collared Dove,1.0,0.9037734270095825,2022-07-03 21:58:52,image,color
test134.jpg,7.0,Red-collared Dove,1.0,0.9169928431510925,2022-07-03 21:58:52,image,color
test135.jpg,7.0,Red-collared Dove,1.0,0.8996041417121887,2022-07-03 21:58:52,image,color
test136.jpg,7.0,Red-collared Dove,1.0,0.9037134051322937,2022-07-03 21:58:52,image,color
test137.jpg,7.0,Red-collared Dove,1.0,0.9187899827957153,2022-07-03 21:58:52,image,color
test138.jpg,7.0,Red-collared Dove,1.0,0.911142885684967,2022-07-03 21:58:52,image,color
test139.jpg,7.0,Red-collared Dove,1.0,0.8968093991279602,2022-07-03 21:58:52,image,color
test14.jpg,7.0,Red-collared Dove,1.0,0.9346266984939575,2022-07-03 21:58:49,image,color
test140.jpg,7.0,Red-collared Dove,1.0,0.9148426055908203,2022-07-03 21:58:52,image,color
test141.jpg,7.0,Red-collared Dove,1.0,0.9111464619636536,2022-07-03 21:58:52,image,color
test142.jpg,7.0,Red-collared Dove,1.0,0.890048086643219,2022-07-03 21:58:52,image,color
test143.jpg,7.0,Red-collared Dove,1.0,0.8841468691825867,2022-07-03 21:58:52,image,color
test144.jpg,7.0,Red-collared Dove,1.0,0.9067196249961853,2022-07-03 21:58:53,image,color
test145.jpg,7.0,Red-collared Dove,1.0,0.8448188900947571,2022-07-03 21:58:53,image,color
test146.jpg,7.0,Red-collared Dove,1.0,0.8568310737609863,2022-07-03 21:58:53,image,color
test147.jpg,7.0,Red-collared Dove,1.0,0.8405454158782959,2022-07-03 21:58:53,image,color
test148.jpg,7.0,Red-collared Dove,1.0,0.8878255486488342,2022-07-03 21:58:53,image,color
test149.jpg,7.0,Red-collared Dove,1.0,0.852346658706665,2022-07-03 21:58:53,image,color
test15.jpg,7.0,Red-collared Dove,1.0,0.9335289001464844,2022-07-03 21:58:49,image,color
test150.jpg,7.0,Red-collared Dove,1.0,0.8941889405250549,2022-07-03 21:58:53,image,color
test151.jpg,7.0,Red-collared Dove,1.0,0.8544821739196777,2022-07-03 21:58:53,image,color
test152.jpg,7.0,Red-collared Dove,1.0,0.8032490611076355,2022-07-03 21:58:53,image,color
test153.jpg,7.0,Red-collared Dove,1.0,0.8623942136764526,2022-07-03 21:58:53,image,color
test154.jpg,7.0,Red-collared Dove,1.0,0.9064201712608337,2022-07-03 21:58:53,image,color
test155.jpg,7.0,Red-collared Dove,1.0,0.8483291864395142,2022-07-03 21:58:53,image,color
test156.jpg,7.0,Red-collared Dove,1.0,0.8989763259887695,2022-07-03 21:58:53,image,color
test157.jpg,7.0,Red-collared Dove,1.0,0.8810423612594604,2022-07-03 21:58:53,image,color
test158.jpg,7.0,Red-collared Dove,1.0,0.875381588935852,2022-07-03 21:58:53,image,color
test159.jpg,7.0,Red-collared Dove,1.0,0.7910005450248718,2022-07-03 21:58:53,image,color
test159.jpg,10.0,Long-tailed Shrike,1.0,0.4945882260799408,2022-07-03 21:58:53,image,color
test16.jpg,7.0,Red-collared Dove,1.0,0.9332214593887329,2022-07-03 21:58:49,image,color
test160.jpg,7.0,Red-collared Dove,1.0,0.8850882053375244,2022-07-03 21:58:53,image,color
test161.jpg,7.0,Red-collared Dove,1.0,0.8960561752319336,2022-07-03 21:58:53,image,color
test162.jpg,7.0,Red-collared Dove,1.0,0.8792030215263367,2022-07-03 21:58:53,image,color
test163.jpg,7.0,Red-collared Dove,1.0,0.87745201587677,2022-07-03 21:58:53,image,color
test164.jpg,7.0,Red-collared Dove,1.0,0.8527442812919617,2022-07-03 21:58:53,image,color
test165.jpg,7.0,Red-collared Dove,1.0,0.9248656034469604,2022-07-03 21:58:53,image,color
test166.jpg,7.0,Red-collared Dove,1.0,0.8663339018821716,2022-07-03 21:58:53,image,color
test167.jpg,7.0,Red-collared Dove,1.0,0.8307616114616394,2022-07-03 21:58:53,image,color
test167.jpg,10.0,Long-tailed Shrike,1.0,0.5128541588783264,2022-07-03 21:58:53,image,color
test168.jpg,7.0,Red-collared Dove,1.0,0.9049505591392517,2022-07-03 21:58:53,image,color
test169.jpg,7.0,Red-collared Dove,1.0,0.912742018699646,2022-07-03 21:58:53,image,color
test17.jpg,7.0,Red-collared Dove,1.0,0.9336951971054077,2022-07-03 21:58:49,image,color
test170.jpg,7.0,Red-collared Dove,1.0,0.8801742792129517,2022-07-03 21:58:53,image,color
test171.jpg,7.0,Red-collared Dove,1.0,0.8865805864334106,2022-07-03 21:58:53,image,color
test172.jpg,7.0,Red-collared Dove,1.0,0.905886709690094,2022-07-03 21:58:53,image,color
test173.jpg,7.0,Red-collared Dove,1.0,0.9215540289878845,2022-07-03 21:58:53,image,color
test174.jpg,7.0,Red-collared Dove,1.0,0.9067359566688538,2022-07-03 21:58:53,image,color
test175.jpg,7.0,Red-collared Dove,1.0,0.8930237889289856,2022-07-03 21:58:53,image,color
test176.jpg,7.0,Red-collared Dove,1.0,0.9024275541305542,2022-07-03 21:58:53,image,color
test177.jpg,7.0,Red-collared Dove,1.0,0.9185386300086975,2022-07-03 21:58:53,image,color
test178.jpg,7.0,Red-collared Dove,1.0,0.8818287253379822,2022-07-03 21:58:53,image,color
test179.jpg,7.0,Red-collared Dove,1.0,0.9064856171607971,2022-07-03 21:58:54,image,color
test18.jpg,7.0,Red-collared Dove,1.0,0.9319950342178345,2022-07-03 21:58:49,image,color
test180.jpg,7.0,Red-collared Dove,1.0,0.8901872038841248,2022-07-03 21:58:54,image,color
test181.jpg,7.0,Red-collared Dove,1.0,0.9137246608734131,2022-07-03 21:58:54,image,color
test182.jpg,7.0,Red-collared Dove,1.0,0.8705040812492371,2022-07-03 21:58:54,image,color
test183.jpg,7.0,Red-collared Dove,1.0,0.8728414177894592,2022-07-03 21:58:54,image,color
test184.jpg,7.0,Red-collared Dove,1.0,0.8837433457374573,2022-07-03 21:58:54,image,color
test185.jpg,7.0,Red-collared Dove,1.0,0.8813158273696899,2022-07-03 21:58:54,image,color
test186.jpg,7.0,Red-collared Dove,1.0,0.8807011246681213,2022-07-03 21:58:54,image,color
test187.jpg,7.0,Red-collared Dove,1.0,0.8590314984321594,2022-07-03 21:58:54,image,color
test188.jpg,7.0,Red-collared Dove,1.0,0.8908008337020874,2022-07-03 21:58:54,image,color
test189.jpg,7.0,Red-collared Dove,1.0,0.9139263033866882,2022-07-03 21:58:54,image,color
test19.jpg,7.0,Red-collared Dove,1.0,0.9344600439071655,2022-07-03 21:58:49,image,color
test190.jpg,7.0,Red-collared Dove,1.0,0.9017978310585022,2022-07-03 21:58:54,image,color
test191.jpg,7.0,Red-collared Dove,1.0,0.8985962867736816,2022-07-03 21:58:54,image,color
test192.jpg,7.0,Red-collared Dove,1.0,0.8937532305717468,2022-07-03 21:58:54,image,color
test193.jpg,7.0,Red-collared Dove,1.0,0.9176239967346191,2022-07-03 21:58:54,image,color
test194.jpg,7.0,Red-collared Dove,1.0,0.9202441573143005,2022-07-03 21:58:54,image,color
test195.jpg,7.0,Red-collared Dove,1.0,0.9142390489578247,2022-07-03 21:58:54,image,color
test196.jpg,7.0,Red-collared Dove,1.0,0.9115263819694519,2022-07-03 21:58:54,image,color
test197.jpg,7.0,Red-collared Dove,1.0,0.9215682744979858,2022-07-03 21:58:54,image,color
test198.jpg,7.0,Red-collared Dove,1.0,0.9040696024894714,2022-07-03 21:58:54,image,color
test199.jpg,7.0,Red-collared Dove,1.0,0.8903841376304626,2022-07-03 21:58:54,image,color
test2.jpg,7.0,Red-collared Dove,1.0,0.9357272386550903,2022-07-03 21:58:48,image,color
test20.jpg,7.0,Red-collared Dove,1.0,0.9355292320251465,2022-07-03 21:58:49,image,color
test200.jpg,7.0,Red-collared Dove,1.0,0.9203367829322815,2022-07-03 21:58:54,image,color
test201.jpg,7.0,Red-collared Dove,1.0,0.9039154648780823,2022-07-03 21:58:54,image,color
test202.jpg,7.0,Red-collared Dove,1.0,0.9121341705322266,2022-07-03 21:58:54,image,color
test203.jpg,7.0,Red-collared Dove,1.0,0.8999148011207581,2022-07-03 21:58:54,image,color
test204.jpg,7.0,Red-collared Dove,1.0,0.8920408487319946,2022-07-03 21:58:54,image,color
test205.jpg,7.0,Red-collared Dove,1.0,0.8947789072990417,2022-07-03 21:58:54,image,color
test206.jpg,7.0,Red-collared Dove,1.0,0.9035173058509827,2022-07-03 21:58:54,image,color
test207.jpg,7.0,Red-collared Dove,1.0,0.8659055829048157,2022-07-03 21:58:54,image,color
test208.jpg,7.0,Red-collared Dove,1.0,0.8879210352897644,2022-07-03 21:58:54,image,color
test209.jpg,7.0,Red-collared Dove,1.0,0.9227022528648376,2022-07-03 21:58:54,image,color
test21.jpg,7.0,Red-collared Dove,1.0,0.9331111907958984,2022-07-03 21:58:49,image,color
test210.jpg,7.0,Red-collared Dove,1.0,0.9362265467643738,2022-07-03 21:58:54,image,color
test211.jpg,7.0,Red-collared Dove,1.0,0.9354260563850403,2022-07-03 21:58:54,image,color
test212.jpg,7.0,Red-collared Dove,1.0,0.935373067855835,2022-07-03 21:58:54,image,color
test213.jpg,7.0,Red-collared Dove,1.0,0.9344298243522644,2022-07-03 21:58:54,image,color
test214.jpg,7.0,Red-collared Dove,1.0,0.9326318502426147,2022-07-03 21:58:55,image,color
test215.jpg,7.0,Red-collared Dove,1.0,0.9325775504112244,2022-07-03 21:58:55,image,color
test216.jpg,7.0,Red-collared Dove,1.0,0.9230927228927612,2022-07-03 21:58:55,image,color
test217.jpg,7.0,Red-collared Dove,1.0,0.9154251217842102,2022-07-03 21:58:55,image,color
test218.jpg,7.0,Red-collared Dove,1.0,0.9236644506454468,2022-07-03 21:58:55,image,color
test219.jpg,7.0,Red-collared Dove,1.0,0.9287880063056946,2022-07-03 21:58:55,image,color
test22.jpg,7.0,Red-collared Dove,1.0,0.9341447353363037,2022-07-03 21:58:49,image,color
test220.jpg,7.0,Red-collared Dove,1.0,0.9331271648406982,2022-07-03 21:58:55,image,color
test221.jpg,7.0,Red-collared Dove,1.0,0.9356674551963806,2022-07-03 21:58:55,image,color
test222.jpg,7.0,Red-collared Dove,1.0,0.9301576018333435,2022-07-03 21:58:55,image,color
test223.jpg,7.0,Red-collared Dove,1.0,0.9314122796058655,2022-07-03 21:58:55,image,color
test224.jpg,7.0,Red-collared Dove,1.0,0.9359582662582397,2022-07-03 21:58:55,image,color
test225.jpg,7.0,Red-collared Dove,1.0,0.9372677803039551,2022-07-03 21:58:55,image,color
test226.jpg,7.0,Red-collared Dove,1.0,0.9365125298500061,2022-07-03 21:58:55,image,color
test227.jpg,7.0,Red-collared Dove,1.0,0.937559962272644,2022-07-03 21:58:55,image,color
test228.jpg,7.0,Red-collared Dove,1.0,0.9384152293205261,2022-07-03 21:58:55,image,color
test229.jpg,7.0,Red-collared Dove,1.0,0.9374391436576843,2022-07-03 21:58:55,image,color
test23.jpg,7.0,Red-collared Dove,1.0,0.9332493543624878,2022-07-03 21:58:49,image,color
test230.jpg,7.0,Red-collared Dove,1.0,0.9351780414581299,2022-07-03 21:58:55,image,color
test231.jpg,7.0,Red-collared Dove,1.0,0.9382274150848389,2022-07-03 21:58:55,image,color
test232.jpg,7.0,Red-collared Dove,1.0,0.9375935792922974,2022-07-03 21:58:55,image,color
test233.jpg,7.0,Red-collared Dove,1.0,0.935903012752533,2022-07-03 21:58:55,image,color
test234.jpg,7.0,Red-collared Dove,1.0,0.9362795352935791,2022-07-03 21:58:55,image,color
test235.jpg,7.0,Red-collared Dove,1.0,0.9317465424537659,2022-07-03 21:58:55,image,color
test236.jpg,7.0,Red-collared Dove,1.0,0.9234462976455688,2022-07-03 21:58:55,image,color
test237.jpg,7.0,Red-collared Dove,1.0,0.9260742664337158,2022-07-03 21:58:55,image,color
test238.jpg,7.0,Red-collared Dove,1.0,0.9311758279800415,2022-07-03 21:58:55,image,color
test239.jpg,7.0,Red-collared Dove,1.0,0.9306553602218628,2022-07-03 21:58:55,image,color
test24.jpg,7.0,Red-collared Dove,1.0,0.9338979125022888,2022-07-03 21:58:49,image,color
test240.jpg,7.0,Red-collared Dove,1.0,0.9301937818527222,2022-07-03 21:58:55,image,color
test241.jpg,7.0,Red-collared Dove,1.0,0.9317961931228638,2022-07-03 21:58:55,image,color
test242.jpg,7.0,Red-collared Dove,1.0,0.9370353817939758,2022-07-03 21:58:55,image,color
test243.jpg,7.0,Red-collared Dove,1.0,0.9362185597419739,2022-07-03 21:58:55,image,color
test244.jpg,7.0,Red-collared Dove,1.0,0.9370577931404114,2022-07-03 21:58:55,image,color
test245.jpg,7.0,Red-collared Dove,1.0,0.9342343807220459,2022-07-03 21:58:55,image,color
test246.jpg,7.0,Red-collared Dove,1.0,0.9335437417030334,2022-07-03 21:58:55,image,color
test247.jpg,7.0,Red-collared Dove,1.0,0.9357445240020752,2022-07-03 21:58:56,image,color
test248.jpg,7.0,Red-collared Dove,1.0,0.9366090893745422,2022-07-03 21:58:56,image,color
test249.jpg,7.0,Red-collared Dove,1.0,0.9346855282783508,2022-07-03 21:58:56,image,color
test25.jpg,7.0,Red-collared Dove,1.0,0.9354715943336487,2022-07-03 21:58:49,image,color
test250.jpg,7.0,Red-collared Dove,1.0,0.9364034533500671,2022-07-03 21:58:56,image,color
test251.jpg,7.0,Red-collared Dove,1.0,0.931154191493988,2022-07-03 21:58:56,image,color
test252.jpg,7.0,Red-collared Dove,1.0,0.9398507475852966,2022-07-03 21:58:56,image,color
test253.jpg,7.0,Red-collared Dove,1.0,0.9359797835350037,2022-07-03 21:58:56,image,color
test254.jpg,7.0,Red-collared Dove,1.0,0.9332103133201599,2022-07-03 21:58:56,image,color
test255.jpg,7.0,Red-collared Dove,1.0,0.9339826107025146,2022-07-03 21:58:56,image,color
test256.jpg,7.0,Red-collared Dove,1.0,0.9365200996398926,2022-07-03 21:58:56,image,color
test257.jpg,7.0,Red-collared Dove,1.0,0.9381829500198364,2022-07-03 21:58:56,image,color
test258.jpg,7.0,Red-collared Dove,1.0,0.9351485967636108,2022-07-03 21:58:56,image,color
test259.jpg,7.0,Red-collared Dove,1.0,0.9377046823501587,2022-07-03 21:58:56,image,color
test26.jpg,7.0,Red-collared Dove,1.0,0.9338758587837219,2022-07-03 21:58:49,image,color
test260.jpg,7.0,Red-collared Dove,1.0,0.9374293684959412,2022-07-03 21:58:56,image,color
test261.jpg,7.0,Red-collared Dove,1.0,0.9369111657142639,2022-07-03 21:58:56,image,color
test262.jpg,7.0,Red-collared Dove,1.0,0.9361813068389893,2022-07-03 21:58:56,image,color
test263.jpg,7.0,Red-collared Dove,1.0,0.9130668640136719,2022-07-03 21:58:56,image,color
test264.jpg,7.0,Red-collared Dove,1.0,0.9196334481239319,2022-07-03 21:58:56,image,color
test265.jpg,7.0,Red-collared Dove,1.0,0.9179238677024841,2022-07-03 21:58:56,image,color
test266.jpg,7.0,Red-collared Dove,1.0,0.9181109666824341,2022-07-03 21:58:56,image,color
test267.jpg,7.0,Red-collared Dove,1.0,0.9081790447235107,2022-07-03 21:58:56,image,color
test268.jpg,7.0,Red-collared Dove,1.0,0.7294893264770508,2022-07-03 21:58:56,image,color
test268.jpg,10.0,Long-tailed Shrike,1.0,0.46995052695274353,2022-07-03 21:58:56,image,color
test269.jpg,7.0,Red-collared Dove,1.0,0.8813930153846741,2022-07-03 21:58:56,image,color
test27.jpg,7.0,Red-collared Dove,1.0,0.9337368607521057,2022-07-03 21:58:49,image,color
test270.jpg,7.0,Red-collared Dove,1.0,0.8956708908081055,2022-07-03 21:58:56,image,color
test271.jpg,7.0,Red-collared Dove,1.0,0.9072332382202148,2022-07-03 21:58:56,image,color
test272.jpg,7.0,Red-collared Dove,1.0,0.8930429220199585,2022-07-03 21:58:56,image,color
test273.jpg,7.0,Red-collared Dove,1.0,0.90773606300354,2022-07-03 21:58:56,image,color
test274.jpg,7.0,Red-collared Dove,1.0,0.9235831499099731,2022-07-03 21:58:56,image,color
test275.jpg,7.0,Red-collared Dove,1.0,0.9028455018997192,2022-07-03 21:58:56,image,color
test276.jpg,7.0,Red-collared Dove,1.0,0.9060024619102478,2022-07-03 21:58:56,image,color
test277.jpg,7.0,Red-collared Dove,1.0,0.8975968956947327,2022-07-03 21:58:56,image,color
test278.jpg,7.0,Red-collared Dove,1.0,0.8850736021995544,2022-07-03 21:58:56,image,color
test279.jpg,7.0,Red-collared Dove,1.0,0.8648340702056885,2022-07-03 21:58:56,image,color
test28.jpg,7.0,Red-collared Dove,1.0,0.9342296123504639,2022-07-03 21:58:49,image,color
test280.jpg,7.0,Red-collared Dove,1.0,0.8786708116531372,2022-07-03 21:58:56,image,color
test281.jpg,7.0,Red-collared Dove,1.0,0.8958712816238403,2022-07-03 21:58:56,image,color
test282.jpg,7.0,Red-collared Dove,1.0,0.8839930891990662,2022-07-03 21:58:57,image,color
test283.jpg,7.0,Red-collared Dove,1.0,0.9221037030220032,2022-07-03 21:58:57,image,color
test284.jpg,7.0,Red-collared Dove,1.0,0.898354172706604,2022-07-03 21:58:57,image,color
test285.jpg,7.0,Red-collared Dove,1.0,0.9166112542152405,2022-07-03 21:58:57,image,color
test286.jpg,7.0,Red-collared Dove,1.0,0.9036952257156372,2022-07-03 21:58:57,image,color
test287.jpg,7.0,Red-collared Dove,1.0,0.9259482622146606,2022-07-03 21:58:57,image,color
test288.jpg,7.0,Red-collared Dove,1.0,0.9165781140327454,2022-07-03 21:58:57,image,color
test289.jpg,7.0,Red-collared Dove,1.0,0.8993139863014221,2022-07-03 21:58:57,image,color
test29.jpg,7.0,Red-collared Dove,1.0,0.9316530823707581,2022-07-03 21:58:49,image,color
test290.jpg,7.0,Red-collared Dove,1.0,0.9188845753669739,2022-07-03 21:58:57,image,color
test291.jpg,7.0,Red-collared Dove,1.0,0.9064134955406189,2022-07-03 21:58:57,image,color
test292.jpg,7.0,Red-collared Dove,1.0,0.9169082641601562,2022-07-03 21:58:57,image,color
test293.jpg,7.0,Red-collared Dove,1.0,0.9075180292129517,2022-07-03 21:58:57,image,color
test294.jpg,7.0,Red-collared Dove,1.0,0.9205331802368164,2022-07-03 21:58:57,image,color
test295.jpg,7.0,Red-collared Dove,1.0,0.9100810885429382,2022-07-03 21:58:57,image,color
test296.jpg,7.0,Red-collared Dove,1.0,0.9230862855911255,2022-07-03 21:58:57,image,color
test297.jpg,7.0,Red-collared Dove,1.0,0.9199916124343872,2022-07-03 21:58:57,image,color
test298.jpg,7.0,Red-collared Dove,1.0,0.923498272895813,2022-07-03 21:58:57,image,color
test299.jpg,7.0,Red-collared Dove,1.0,0.9128857851028442,2022-07-03 21:58:57,image,color
test3.jpg,7.0,Red-collared Dove,1.0,0.9354982376098633,2022-07-03 21:58:48,image,color
test30.jpg,7.0,Red-collared Dove,1.0,0.9328910708427429,2022-07-03 21:58:49,image,color
test300.jpg,7.0,Red-collared Dove,1.0,0.9186803102493286,2022-07-03 21:58:57,image,color
test301.jpg,7.0,Red-collared Dove,1.0,0.9254224896430969,2022-07-03 21:58:57,image,color
test302.jpg,7.0,Red-collared Dove,1.0,0.8920621275901794,2022-07-03 21:58:57,image,color
test303.jpg,7.0,Red-collared Dove,1.0,0.9255934357643127,2022-07-03 21:58:57,image,color
test304.jpg,7.0,Red-collared Dove,1.0,0.9221905469894409,2022-07-03 21:58:57,image,color
test305.jpg,7.0,Red-collared Dove,1.0,0.9135432839393616,2022-07-03 21:58:57,image,color
test306.jpg,7.0,Red-collared Dove,1.0,0.9078642129898071,2022-07-03 21:58:57,image,color
test307.jpg,7.0,Red-collared Dove,1.0,0.9146740436553955,2022-07-03 21:58:57,image,color
test308.jpg,7.0,Red-collared Dove,1.0,0.9303747415542603,2022-07-03 21:58:57,image,color
test309.jpg,7.0,Red-collared Dove,1.0,0.927708625793457,2022-07-03 21:58:57,image,color
test31.jpg,7.0,Red-collared Dove,1.0,0.9299221634864807,2022-07-03 21:58:49,image,color
test310.jpg,7.0,Red-collared Dove,1.0,0.9282535314559937,2022-07-03 21:58:57,image,color
test311.jpg,7.0,Red-collared Dove,1.0,0.9252570271492004,2022-07-03 21:58:57,image,color
test312.jpg,7.0,Red-collared Dove,1.0,0.9182106852531433,2022-07-03 21:58:57,image,color
test313.jpg,7.0,Red-collared Dove,1.0,0.9314320683479309,2022-07-03 21:58:57,image,color
test314.jpg,7.0,Red-collared Dove,1.0,0.9414686560630798,2022-07-03 21:58:57,image,color
test315.jpg,7.0,Red-collared Dove,1.0,0.9345412850379944,2022-07-03 21:58:57,image,color
test316.jpg,7.0,Red-collared Dove,1.0,0.940090537071228,2022-07-03 21:58:58,image,color
test317.jpg,7.0,Red-collared Dove,1.0,0.9380050301551819,2022-07-03 21:58:58,image,color
test318.jpg,7.0,Red-collared Dove,1.0,0.9337175488471985,2022-07-03 21:58:58,image,color
test319.jpg,7.0,Red-collared Dove,1.0,0.9372580051422119,2022-07-03 21:58:58,image,color
test32.jpg,7.0,Red-collared Dove,1.0,0.9323697090148926,2022-07-03 21:58:49,image,color
test320.jpg,7.0,Red-collared Dove,1.0,0.9403005838394165,2022-07-03 21:58:58,image,color
test321.jpg,7.0,Red-collared Dove,1.0,0.9382466673851013,2022-07-03 21:58:58,image,color
test322.jpg,7.0,Red-collared Dove,1.0,0.9385326504707336,2022-07-03 21:58:58,image,color
test323.jpg,7.0,Red-collared Dove,1.0,0.9351028203964233,2022-07-03 21:58:58,image,color
test324.jpg,7.0,Red-collared Dove,1.0,0.9360540509223938,2022-07-03 21:58:58,image,color
test325.jpg,7.0,Red-collared Dove,1.0,0.9289335608482361,2022-07-03 21:58:58,image,color
test326.jpg,7.0,Red-collared Dove,1.0,0.9214036464691162,2022-07-03 21:58:58,image,color
test327.jpg,7.0,Red-collared Dove,1.0,0.9104484915733337,2022-07-03 21:58:58,image,color
test328.jpg,7.0,Red-collared Dove,1.0,0.9191169738769531,2022-07-03 21:58:58,image,color
test329.jpg,7.0,Red-collared Dove,1.0,0.9054132699966431,2022-07-03 21:58:58,image,color
test33.jpg,7.0,Red-collared Dove,1.0,0.9325678944587708,2022-07-03 21:58:49,image,color
test330.jpg,7.0,Red-collared Dove,1.0,0.9095904231071472,2022-07-03 21:58:58,image,color
test331.jpg,7.0,Red-collared Dove,1.0,0.8910427689552307,2022-07-03 21:58:58,image,color
test332.jpg,7.0,Red-collared Dove,1.0,0.911431074142456,2022-07-03 21:58:58,image,color
test333.jpg,7.0,Red-collared Dove,1.0,0.892184853553772,2022-07-03 21:58:58,image,color
test334.jpg,7.0,Red-collared Dove,1.0,0.9026703834533691,2022-07-03 21:58:58,image,color
test335.jpg,7.0,Red-collared Dove,1.0,0.9074854254722595,2022-07-03 21:58:58,image,color
test336.jpg,7.0,Red-collared Dove,1.0,0.9211166501045227,2022-07-03 21:58:58,image,color
test337.jpg,7.0,Red-collared Dove,1.0,0.9197782278060913,2022-07-03 21:58:58,image,color
test338.jpg,7.0,Red-collared Dove,1.0,0.9187142848968506,2022-07-03 21:58:58,image,color
test339.jpg,7.0,Red-collared Dove,1.0,0.9252349734306335,2022-07-03 21:58:58,image,color
test34.jpg,7.0,Red-collared Dove,1.0,0.9317775368690491,2022-07-03 21:58:49,image,color
test340.jpg,7.0,Red-collared Dove,1.0,0.9122967720031738,2022-07-03 21:58:58,image,color
test341.jpg,7.0,Red-collared Dove,1.0,0.91645348072052,2022-07-03 21:58:58,image,color
test342.jpg,7.0,Red-collared Dove,1.0,0.9246496558189392,2022-07-03 21:58:58,image,color
test343.jpg,7.0,Red-collared Dove,1.0,0.9320816397666931,2022-07-03 21:58:58,image,color
test344.jpg,7.0,Red-collared Dove,1.0,0.9335351586341858,2022-07-03 21:58:58,image,color
test345.jpg,7.0,Red-collared Dove,1.0,0.9212434887886047,2022-07-03 21:58:58,image,color
test346.jpg,7.0,Red-collared Dove,1.0,0.9252549409866333,2022-07-03 21:58:58,image,color
test347.jpg,7.0,Red-collared Dove,1.0,0.9211782217025757,2022-07-03 21:58:58,image,color
test348.jpg,7.0,Red-collared Dove,1.0,0.9040765166282654,2022-07-03 21:58:58,image,color
test349.jpg,7.0,Red-collared Dove,1.0,0.911594569683075,2022-07-03 21:58:59,image,color
test35.jpg,7.0,Red-collared Dove,1.0,0.9323336482048035,2022-07-03 21:58:49,image,color
test350.jpg,7.0,Red-collared Dove,1.0,0.9190186262130737,2022-07-03 21:58:59,image,color
test351.jpg,7.0,Red-collared Dove,1.0,0.9025828242301941,2022-07-03 21:58:59,image,color
test352.jpg,7.0,Red-collared Dove,1.0,0.9143629670143127,2022-07-03 21:58:59,image,color
test353.jpg,7.0,Red-collared Dove,1.0,0.9245449900627136,2022-07-03 21:58:59,image,color
test354.jpg,7.0,Red-collared Dove,1.0,0.8602162599563599,2022-07-03 21:58:59,image,color
test355.jpg,7.0,Red-collared Dove,1.0,0.884511411190033,2022-07-03 21:58:59,image,color
test356.jpg,7.0,Red-collared Dove,1.0,0.8755777478218079,2022-07-03 21:58:59,image,color
test357.jpg,7.0,Red-collared Dove,1.0,0.9065402150154114,2022-07-03 21:58:59,image,color
test358.jpg,7.0,Red-collared Dove,1.0,0.9142966866493225,2022-07-03 21:58:59,image,color
test359.jpg,7.0,Red-collared Dove,1.0,0.9318076372146606,2022-07-03 21:58:59,image,color
test36.jpg,7.0,Red-collared Dove,1.0,0.9337844252586365,2022-07-03 21:58:49,image,color
test360.jpg,7.0,Red-collared Dove,1.0,0.9329937100410461,2022-07-03 21:58:59,image,color
test361.jpg,7.0,Red-collared Dove,1.0,0.9297306537628174,2022-07-03 21:58:59,image,color
test362.jpg,7.0,Red-collared Dove,1.0,0.9327335953712463,2022-07-03 21:58:59,image,color
test363.jpg,7.0,Red-collared Dove,1.0,0.934455931186676,2022-07-03 21:58:59,image,color
test364.jpg,7.0,Red-collared Dove,1.0,0.9319551587104797,2022-07-03 21:58:59,image,color
test365.jpg,7.0,Red-collared Dove,1.0,0.9281153082847595,2022-07-03 21:58:59,image,color
test366.jpg,7.0,Red-collared Dove,1.0,0.9273443818092346,2022-07-03 21:58:59,image,color
test367.jpg,7.0,Red-collared Dove,1.0,0.9296867251396179,2022-07-03 21:58:59,image,color
test368.jpg,7.0,Red-collared Dove,1.0,0.9335428476333618,2022-07-03 21:58:59,image,color
test369.jpg,7.0,Red-collared Dove,1.0,0.9340518116950989,2022-07-03 21:58:59,image,color
test37.jpg,7.0,Red-collared Dove,1.0,0.9327511191368103,2022-07-03 21:58:49,image,color
test370.jpg,7.0,Red-collared Dove,1.0,0.9311898946762085,2022-07-03 21:58:59,image,color
test371.jpg,7.0,Red-collared Dove,1.0,0.9326372742652893,2022-07-03 21:58:59,image,color
test372.jpg,7.0,Red-collared Dove,1.0,0.9344697594642639,2022-07-03 21:58:59,image,color
test373.jpg,7.0,Red-collared Dove,1.0,0.9302545189857483,2022-07-03 21:58:59,image,color
test374.jpg,7.0,Red-collared Dove,1.0,0.9244457483291626,2022-07-03 21:58:59,image,color
test375.jpg,7.0,Red-collared Dove,1.0,0.9248917698860168,2022-07-03 21:58:59,image,color
test376.jpg,7.0,Red-collared Dove,1.0,0.8832722902297974,2022-07-03 21:58:59,image,color
test377.jpg,7.0,Red-collared Dove,1.0,0.8677103519439697,2022-07-03 21:58:59,image,color
test378.jpg,7.0,Red-collared Dove,1.0,0.8866701722145081,2022-07-03 21:58:59,image,color
test379.jpg,7.0,Red-collared Dove,1.0,0.8911325931549072,2022-07-03 21:58:59,image,color
test38.jpg,7.0,Red-collared Dove,1.0,0.9355421662330627,2022-07-03 21:58:49,image,color
test380.jpg,7.0,Red-collared Dove,1.0,0.8805925846099854,2022-07-03 21:58:59,image,color
test381.jpg,7.0,Red-collared Dove,1.0,0.9219099283218384,2022-07-03 21:58:59,image,color
test382.jpg,7.0,Red-collared Dove,1.0,0.9077880382537842,2022-07-03 21:58:59,image,color
test383.jpg,7.0,Red-collared Dove,1.0,0.9125272035598755,2022-07-03 21:58:59,image,color
test384.jpg,7.0,Red-collared Dove,1.0,0.9160683155059814,2022-07-03 21:59:00,image,color
test385.jpg,7.0,Red-collared Dove,1.0,0.8629412651062012,2022-07-03 21:59:00,image,color
test385.jpg,10.0,Long-tailed Shrike,1.0,0.4375477433204651,2022-07-03 21:59:00,image,color
test386.jpg,7.0,Red-collared Dove,1.0,0.9150984287261963,2022-07-03 21:59:00,image,color
test387.jpg,7.0,Red-collared Dove,1.0,0.8980276584625244,2022-07-03 21:59:00,image,color
test388.jpg,7.0,Red-collared Dove,1.0,0.8894882798194885,2022-07-03 21:59:00,image,color
test389.jpg,7.0,Red-collared Dove,1.0,0.9080438613891602,2022-07-03 21:59:00,image,color
test39.jpg,7.0,Red-collared Dove,1.0,0.9350587725639343,2022-07-03 21:58:49,image,color
test390.jpg,7.0,Red-collared Dove,1.0,0.8798004388809204,2022-07-03 21:59:00,image,color
test391.jpg,7.0,Red-collared Dove,1.0,0.8979254961013794,2022-07-03 21:59:00,image,color
test392.jpg,7.0,Red-collared Dove,1.0,0.9208880662918091,2022-07-03 21:59:00,image,color
test393.jpg,7.0,Red-collared Dove,1.0,0.9216775894165039,2022-07-03 21:59:00,image,color
test394.jpg,7.0,Red-collared Dove,1.0,0.9060379266738892,2022-07-03 21:59:00,image,color
test395.jpg,7.0,Red-collared Dove,1.0,0.9211586713790894,2022-07-03 21:59:00,image,color
test396.jpg,7.0,Red-collared Dove,1.0,0.9187706708908081,2022-07-03 21:59:00,image,color
test397.jpg,7.0,Red-collared Dove,1.0,0.9125962257385254,2022-07-03 21:59:00,image,color
test398.jpg,7.0,Red-collared Dove,1.0,0.9161806702613831,2022-07-03 21:59:00,image,color
test399.jpg,7.0,Red-collared Dove,1.0,0.9066221714019775,2022-07-03 21:59:00,image,color
test4.jpg,7.0,Red-collared Dove,1.0,0.9354552626609802,2022-07-03 21:58:48,image,color
test40.jpg,7.0,Red-collared Dove,1.0,0.934818685054779,2022-07-03 21:58:49,image,color
test400.jpg,7.0,Red-collared Dove,1.0,0.8967836499214172,2022-07-03 21:59:00,image,color
test401.jpg,7.0,Red-collared Dove,1.0,0.892490029335022,2022-07-03 21:59:00,image,color
test402.jpg,7.0,Red-collared Dove,1.0,0.9022742509841919,2022-07-03 21:59:00,image,color
test403.jpg,7.0,Red-collared Dove,1.0,0.9105196595191956,2022-07-03 21:59:00,image,color
test404.jpg,7.0,Red-collared Dove,1.0,0.9201528429985046,2022-07-03 21:59:00,image,color
test405.jpg,7.0,Red-collared Dove,1.0,0.9279136657714844,2022-07-03 21:59:00,image,color
test406.jpg,7.0,Red-collared Dove,1.0,0.9297693967819214,2022-07-03 21:59:00,image,color
test41.jpg,7.0,Red-collared Dove,1.0,0.9369106292724609,2022-07-03 21:58:49,image,color
test42.jpg,7.0,Red-collared Dove,1.0,0.9362707734107971,2022-07-03 21:58:49,image,color
test43.jpg,7.0,Red-collared Dove,1.0,0.9354246258735657,2022-07-03 21:58:50,image,color
test44.jpg,7.0,Red-collared Dove,1.0,0.9346158504486084,2022-07-03 21:58:50,image,color
test45.jpg,7.0,Red-collared Dove,1.0,0.9357138872146606,2022-07-03 21:58:50,image,color
test46.jpg,7.0,Red-collared Dove,1.0,0.9357625246047974,2022-07-03 21:58:50,image,color
test47.jpg,7.0,Red-collared Dove,1.0,0.9359177947044373,2022-07-03 21:58:50,image,color
test48.jpg,7.0,Red-collared Dove,1.0,0.9351649284362793,2022-07-03 21:58:50,image,color
test49.jpg,7.0,Red-collared Dove,1.0,0.9364513158798218,2022-07-03 21:58:50,image,color
test5.jpg,7.0,Red-collared Dove,1.0,0.9366731643676758,2022-07-03 21:58:48,image,color
test50.jpg,7.0,Red-collared Dove,1.0,0.9360440373420715,2022-07-03 21:58:50,image,color
test51.jpg,7.0,Red-collared Dove,1.0,0.9356797337532043,2022-07-03 21:58:50,image,color
test52.jpg,7.0,Red-collared Dove,1.0,0.9356920123100281,2022-07-03 21:58:50,image,color
test53.jpg,7.0,Red-collared Dove,1.0,0.9359485507011414,2022-07-03 21:58:50,image,color
test54.jpg,7.0,Red-collared Dove,1.0,0.9351839423179626,2022-07-03 21:58:50,image,color
test55.jpg,7.0,Red-collared Dove,1.0,0.9374043941497803,2022-07-03 21:58:50,image,color
test56.jpg,7.0,Red-collared Dove,1.0,0.9369267225265503,2022-07-03 21:58:50,image,color
test57.jpg,7.0,Red-collared Dove,1.0,0.9379063844680786,2022-07-03 21:58:50,image,color
test58.jpg,7.0,Red-collared Dove,1.0,0.938937246799469,2022-07-03 21:58:50,image,color
test59.jpg,7.0,Red-collared Dove,1.0,0.9385330080986023,2022-07-03 21:58:50,image,color
test6.jpg,7.0,Red-collared Dove,1.0,0.9356743693351746,2022-07-03 21:58:48,image,color
test60.jpg,7.0,Red-collared Dove,1.0,0.9383717775344849,2022-07-03 21:58:50,image,color
test61.jpg,7.0,Red-collared Dove,1.0,0.9382048845291138,2022-07-03 21:58:50,image,color
test62.jpg,7.0,Red-collared Dove,1.0,0.9391990900039673,2022-07-03 21:58:50,image,color
test63.jpg,7.0,Red-collared Dove,1.0,0.9377815127372742,2022-07-03 21:58:50,image,color
test64.jpg,7.0,Red-collared Dove,1.0,0.9381741285324097,2022-07-03 21:58:50,image,color
test65.jpg,7.0,Red-collared Dove,1.0,0.9381835460662842,2022-07-03 21:58:50,image,color
test66.jpg,7.0,Red-collared Dove,1.0,0.9384564161300659,2022-07-03 21:58:50,image,color
test67.jpg,7.0,Red-collared Dove,1.0,0.9377940893173218,2022-07-03 21:58:50,image,color
test68.jpg,7.0,Red-collared Dove,1.0,0.9372820258140564,2022-07-03 21:58:50,image,color
test69.jpg,7.0,Red-collared Dove,1.0,0.9375953674316406,2022-07-03 21:58:50,image,color
test7.jpg,7.0,Red-collared Dove,1.0,0.9352604150772095,2022-07-03 21:58:48,image,color
test70.jpg,7.0,Red-collared Dove,1.0,0.9366800785064697,2022-07-03 21:58:50,image,color
test71.jpg,7.0,Red-collared Dove,1.0,0.9359366297721863,2022-07-03 21:58:50,image,color
test72.jpg,7.0,Red-collared Dove,1.0,0.937217652797699,2022-07-03 21:58:50,image,color
test73.jpg,7.0,Red-collared Dove,1.0,0.9382049441337585,2022-07-03 21:58:50,image,color
test74.jpg,7.0,Red-collared Dove,1.0,0.9362210631370544,2022-07-03 21:58:50,image,color
test75.jpg,7.0,Red-collared Dove,1.0,0.9359391927719116,2022-07-03 21:58:50,image,color
test76.jpg,7.0,Red-collared Dove,1.0,0.9373756647109985,2022-07-03 21:58:50,image,color
test77.jpg,7.0,Red-collared Dove,1.0,0.9368079304695129,2022-07-03 21:58:51,image,color
test78.jpg,7.0,Red-collared Dove,1.0,0.9368024468421936,2022-07-03 21:58:51,image,color
test79.jpg,7.0,Red-collared Dove,1.0,0.9382413029670715,2022-07-03 21:58:51,image,color
test8.jpg,7.0,Red-collared Dove,1.0,0.9373578429222107,2022-07-03 21:58:48,image,color
test80.jpg,7.0,Red-collared Dove,1.0,0.9381304979324341,2022-07-03 21:58:51,image,color
test81.jpg,7.0,Red-collared Dove,1.0,0.9373481869697571,2022-07-03 21:58:51,image,color
test82.jpg,7.0,Red-collared Dove,1.0,0.9380304217338562,2022-07-03 21:58:51,image,color
test83.jpg,7.0,Red-collared Dove,1.0,0.9361361265182495,2022-07-03 21:58:51,image,color
test84.jpg,7.0,Red-collared Dove,1.0,0.9348521828651428,2022-07-03 21:58:51,image,color
test85.jpg,7.0,Red-collared Dove,1.0,0.9374322891235352,2022-07-03 21:58:51,image,color
test86.jpg,7.0,Red-collared Dove,1.0,0.9367472529411316,2022-07-03 21:58:51,image,color
test87.jpg,7.0,Red-collared Dove,1.0,0.9341415762901306,2022-07-03 21:58:51,image,color
test88.jpg,7.0,Red-collared Dove,1.0,0.9331269860267639,2022-07-03 21:58:51,image,color
test89.jpg,7.0,Red-collared Dove,1.0,0.9324535727500916,2022-07-03 21:58:51,image,color
test9.jpg,7.0,Red-collared Dove,1.0,0.9353464841842651,2022-07-03 21:58:48,image,color
test90.jpg,7.0,Red-collared Dove,1.0,0.9310100078582764,2022-07-03 21:58:51,image,color
test91.jpg,7.0,Red-collared Dove,1.0,0.9327436685562134,2022-07-03 21:58:51,image,color
test92.jpg,7.0,Red-collared Dove,1.0,0.9296743273735046,2022-07-03 21:58:51,image,color
test93.jpg,7.0,Red-collared Dove,1.0,0.9305727481842041,2022-07-03 21:58:51,image,color
test94.jpg,7.0,Red-collared Dove,1.0,0.931813657283783,2022-07-03 21:58:51,image,color
test95.jpg,7.0,Red-collared Dove,1.0,0.9299229979515076,2022-07-03 21:58:51,image,color
test96.jpg,7.0,Red-collared Dove,1.0,0.9336141347885132,2022-07-03 21:58:51,image,color
test97.jpg,7.0,Red-collared Dove,1.0,0.9316246509552002,2022-07-03 21:58:51,image,color
test98.jpg,7.0,Red-collared Dove,1.0,0.9322821497917175,2022-07-03 21:58:51,image,color
test99.jpg,7.0,Red-collared Dove,1.0,0.9308537244796753,2022-07-03 21:58:51,image,color
